problemID,email,dateRaised,description,rating,completed
101,cwhi9221@email.net,07/07/2022,Blocked access to social media / video sharing sites. Can this be fixed so I can show customers our promotional videos and content?,4,1
102,fbr530@email.net,07/07/2022,I can't open a new spreadsheet file or edit any old ones. The software logo opens but my screen freezes.,4,1
103,cwhi9221@email.net,07/07/2022,Computer is taking ages to start up in the morning. I can't get any work done till after 10.,3,1
104,fbr530@email.net,07/07/2022,The printer won't connect. I am unable to print.,1,0
105,cwhi9221@email.net,07/07/2022,My monitor cable is to short - it keeps popping out when I am showing customers my computer screen.,4,0
106,fbr530@email.net,07/07/2022,I can't access the Internet.,1,0
107,ctat1313@email.net,07/07/2022,Blocked access to social media. Can you unblock please?,4,0
108,ctat1313@email.net,07/07/2022,I entered my right password in 3 times but now I am locked out. Can you unlock?,1,1
109,lgib6863@email.net,07/07/2022,Printer jammed. Not sure how to fix it. I cant see any paper in the tray.,2,0
110,ctat1313@email.net,07/07/2022,Mouse keeps sticking.,4,0
111,fbr530@email.net,07/07/2022,SomAonA hEs swEppAd my E and A kAys on thA kAyboErd Et my dAsk. CEn I hEvA E nAw onA?,2,0
112,eliv123@email.net,07/07/2022,"Help! My computer has a virus! I opened an email attachment and now it is asking for bitcoins, but I only have pound coins!",1,0
113,ctat1313@email.net,07/07/2022,I put my elbow on the keyboard and now my screen is upside down. How to change back?,1,1
114,lgib6863@email.net,07/07/2022,I think I clicked a phishing link on my email. Does my computer have a virus?? Sometimes I see my screen flickering throughout the day.,2,0
115,lgib6863@email.net,07/07/2022,I can't remember the password to access the staff rota spreadsheet. Can you remind me of the password?,3,1
116,eliv123@email.net,07/07/2022,The internet is not working. I can't watch the training video my boss sent me to watch.,3,0
117,lgib6863@email.net,07/07/2022,HELP!!! I sent an email complaining about my boss ** to my boss **!! Can you delete it before they open and read it?!,4,1
118,ctat1313@email.net,08/07/2022,There is a single dead pixel on my screen - it's very annoying! Can you come and fix it?,4,0
119,eliv123@email.net,08/07/2022,Antivirus and firewall update warning appeared on my screen.,1,0
120,cwhi9221@email.net,08/07/2022,I tried to move my desk but the network cable is too short. Can I have a longer cable or the password for WiFi?,4,0
121,dzha676@email.com,08/07/2022,My phone won't connect to my laptop.,3,0
122,dzha676@email.com,08/07/2022,My email box is full.  Can I have more storage please?,1,1
123,jiva910@email.com,08/07/2022,I can't download an email attachment.,1,0
124,smcp485@email.com,08/07/2022,My web cam image is not clear.,2,1
125,pcho887@email.com,08/07/2022,I can't adjust the microphone volume on my headset.,2,1
126,ebla652@email.com,08/07/2022,Can't access my network folder.,1,0
127,awan966@email.com,08/07/2022,My docking station is not charging my laptop,2,1
128,lhe259@email.com,08/07/2022,Can't access my network folder.,1,0
129,lbao150@email.com,08/07/2022,Could you reset my password please.,1,1
130,jpat108@email.com,08/07/2022,I can't download an email attachment.,1,1
131,asta104@email.com,08/07/2022,I have a suspicious email.  Can you warn others about it.,1,1
132,hlei381@email.com,08/07/2022,I can't get my blueTooth headphones to connect.,2,0
133,zmin412@email.com,08/07/2022,I can't access the Internet.,1,1
134,rker495@email.com,08/07/2022,Can't access my network folder.,1,1
135,ujar162@email.com,08/07/2022,My email box is full.  Can I have more storage please?,1,1
136,lgon902@email.com,08/07/2022,I can't download an email attachment.,1,0
137,pmck621@email.com,08/07/2022,My phone won't connect to my laptop.,2,1
138,dnel258@email.com,08/07/2022,My speakers aren't working.,3,1
139,lxie524@email.com,10/07/2022,Can't access my network folder.,1,1
140,dmia463@email.com,10/07/2022,Can't access my network folder.,1,1
141,hgar508@email.com,10/07/2022,Could you reset my password please.,1,0
142,gfly340@email.com,10/07/2022,My speakers aren't working.,3,1
143,jrob313@email.com,10/07/2022,My web cam image is not clear.,3,0
144,scoh580@email.com,10/07/2022,My speakers aren't working.,2,1
145,jcoo567@email.com,10/07/2022,I can't adjust the microphone volume on my headset.,2,1
146,dper537@email.com,10/07/2022,My email box is full.  Can I have more storage please?,1,1
147,tmar516@email.com,10/07/2022,Loss of Internet access.,1,1
148,adav330@email.com,10/07/2022,The text on my screen is too small.,1,1
149,hlei381@email.com,10/07/2022,My docking station is not charging my laptop,3,0
150,ihun275@email.com,10/07/2022,I have a suspicious email.  Can you warn others about it.,1,1
151,nbun949@email.com,10/07/2022,I have a suspicious email.  Can you warn others about it.,1,1
152,sdan629@email.com,10/07/2022,My email box is full.  Can I have more storage please?,1,1
153,lxie552@email.com,11/07/2022,I can't get my dual screens to show different images.,1,1
154,cmck244@email.com,11/07/2022,My email box is full.  Can I have more storage please?,1,1
155,sdan629@email.com,11/07/2022,My docking station is not charging my laptop,2,1
156,aspe821@email.com,11/07/2022,My files are not backing up to the cloud anymore.,1,0
157,akar563@email.com,11/07/2022,My phone won't connect to my laptop.,2,1
158,nhen951@email.com,11/07/2022,I can't get my dual screens to show different images.,1,1
159,wtwi204@email.com,11/07/2022,Loss of Internet access.,1,1
160,jchr951@email.com,11/07/2022,I can't download an email attachment.,1,0
161,rbur971@email.com,11/07/2022,My computer can't see the network printer.,1,1
162,wtwi204@email.com,11/07/2022,My web cam image is not clear.,3,1
163,wtwi204@email.com,11/07/2022,The text on my screen is too small.,1,1
164,jchr951@email.com,11/07/2022,My web cam image is not clear.,2,1
165,lgra552@email.com,11/07/2022,My web cam image is not clear.,3,1
166,qlin667@email.com,12/07/2022,My speakers aren't working.,2,1
167,tric552@email.com,12/07/2022,My phone won't connect to my laptop.,3,0
168,lxie552@email.com,12/07/2022,My web cam image is not clear.,2,0
169,akar563@email.com,13/07/2022,My web cam picture is blank.,2,1
170,mhum863@email.com,13/07/2022,My docking station is not charging my laptop,2,1
171,jwhi684@email.com,13/07/2022,I can't download an email attachment.,1,1
172,tmcl764@email.com,13/07/2022,My mouse button doesn't work.,1,1
173,lbao150@email.com,13/07/2022,Loss of Internet access.,1,1
174,jmag670@email.com,13/07/2022,My files are not backing up to the cloud anymore.,1,1
175,dsob768@email.com,13/07/2022,My web cam picture is blank.,3,0
176,gmcc411@email.com,13/07/2022,My docking station is not charging my laptop,3,0
177,dmid559@email.com,13/07/2022,The text on my screen is too small.,1,1
178,kbry100@email.com,13/07/2022,Could you reset my password please.,1,0
179,yxue296@email.com,13/07/2022,Can't access my network folder.,1,1
180,aspe855@email.com,13/07/2022,My phone won't connect to my laptop.,2,1
181,dpar893@email.com,13/07/2022,I can't download an email attachment.,1,1
182,char132@email.com,13/07/2022,I have a suspicious email.  Can you warn others about it.,1,1
183,ealf266@email.com,13/07/2022,I can't get my blueTooth headphones to connect.,3,0
184,ealf266@email.com,13/07/2022,I can't get my blueTooth headphones to connect.,3,1
185,alew569@email.com,13/07/2022,Could you reset my password please.,1,1
186,msal593@email.com,13/07/2022,My mouse button doesn't work.,1,1
187,ghen798@email.com,13/07/2022,My web cam picture is blank.,3,1
188,csin845@email.com,13/07/2022,My web cam image is not clear.,2,1
189,dgre124@email.com,13/07/2022,My web cam image is not clear.,3,0
190,crod264@email.com,13/07/2022,My mouse cursor is frozen.,3,0
191,rker495@email.com,13/07/2022,My speakers aren't working.,3,1
192,ptem343@email.com,13/07/2022,My files are not backing up to the cloud anymore.,1,1
193,bjon175@email.com,13/07/2022,I can't access the Internet.,1,1
194,shen621@email.com,13/07/2022,My phone won't connect to my laptop.,3,1
195,dgre124@email.com,13/07/2022,My web cam picture is blank.,3,1
196,dzha338@email.com,13/07/2022,Loss of Internet access.,1,1
197,fmin685@email.com,13/07/2022,My mouse button doesn't work.,1,1
198,cgru312@email.com,13/07/2022,I can't get my blueTooth headphones to connect.,3,1
199,slam758@email.com,13/07/2022,My speakers aren't working.,2,1
200,jiva910@email.com,13/07/2022,Loss of Internet access.,1,1
201,jspi634@email.com,13/07/2022,My phone won't connect to my laptop.,3,1
202,lces669@email.com,13/07/2022,My speakers aren't working.,3,0
203,tcoh444@email.com,13/07/2022,Could you reset my password please.,1,1
204,tric552@email.com,13/07/2022,I can't adjust the microphone volume on my headset.,3,1
205,dale781@email.com,13/07/2022,I can't adjust the microphone volume on my headset.,2,0
206,pdav387@email.com,14/07/2022,My phone won't connect to my laptop.,2,1
207,ctay323@email.com,14/07/2022,I can't get my blueTooth headphones to connect.,3,1
208,alew569@email.com,17/07/2022,I can't adjust the microphone volume on my headset.,3,0
209,shil978@email.com,17/07/2022,My computer can't see the network printer.,1,0
210,spla842@email.com,17/07/2022,The text on my screen is too small.,1,0
211,eard952@email.com,17/07/2022,My speakers aren't working.,3,1
212,jkro461@email.com,17/07/2022,I can't download an email attachment.,1,1
213,msal593@email.com,17/07/2022,The text on my screen is too small.,1,0
214,smck563@email.com,17/07/2022,The text on my screen is too small.,1,0
215,pmck621@email.com,17/07/2022,Loss of Internet access.,1,0
216,jjon592@email.com,17/07/2022,Could you reset my password please.,1,1
217,asta104@email.com,18/07/2022,My docking station is not charging my laptop,2,0
218,aspe855@email.com,18/07/2022,Could you reset my password please.,1,1
219,tmck964@email.com,18/07/2022,My mouse cursor is frozen.,3,0
220,hlei381@email.com,18/07/2022,My docking station is not charging my laptop,3,1
221,csch538@email.com,18/07/2022,Could you reset my password please.,1,0
222,wtwi204@email.com,18/07/2022,I can't adjust the microphone volume on my headset.,2,1
223,sjoh651@email.com,18/07/2022,I can't get my dual screens to show different images.,1,0
224,bjon175@email.com,18/07/2022,I can't get my dual screens to show different images.,1,1
225,adub390@email.com,18/07/2022,The text on my screen is too small.,1,1
226,cpat598@email.com,18/07/2022,My computer can't see the network printer.,1,0
227,spla842@email.com,18/07/2022,The text on my screen is too small.,1,1
228,ibis723@email.com,18/07/2022,Can't access my network folder.,1,1
229,gsew759@email.com,18/07/2022,My computer can't see the network printer.,1,1
230,lsho989@email.com,18/07/2022,I can't get my blueTooth headphones to connect.,2,1
231,trei753@email.com,18/07/2022,My mouse cursor is frozen.,3,1
232,sman522@email.com,18/07/2022,My email box is full.  Can I have more storage please?,1,0
233,tmal428@email.com,18/07/2022,Could you reset my password please.,1,0
234,zroo236@email.com,18/07/2022,I can't download an email attachment.,1,1
235,gmcc411@email.com,18/07/2022,I have a suspicious email.  Can you warn others about it.,1,0
236,lbao941@email.com,18/07/2022,My speakers aren't working.,2,1
237,zluo662@email.com,19/07/2022,I can't get my blueTooth headphones to connect.,3,0
238,jrob313@email.com,19/07/2022,Can't access my network folder.,1,1
239,ihun275@email.com,19/07/2022,My email box is full.  Can I have more storage please?,1,0
240,nbun949@email.com,19/07/2022,I can't adjust the microphone volume on my headset.,2,1
241,hwat497@email.com,19/07/2022,My computer can't see the network printer.,1,1
242,aspe821@email.com,19/07/2022,I can't get my dual screens to show different images.,1,1
243,ajen172@email.com,19/07/2022,My speakers aren't working.,2,1
244,kyou716@email.com,19/07/2022,Could you reset my password please.,1,1
245,jmag670@email.com,19/07/2022,My web cam image is not clear.,2,1
246,kste433@email.com,20/07/2022,I can't access the Internet.,1,0
247,sbre757@email.com,20/07/2022,I have a suspicious email.  Can you warn others about it.,1,1
248,zroo236@email.com,20/07/2022,My web cam picture is blank.,2,0
249,jwhi684@email.com,20/07/2022,My files are not backing up to the cloud anymore.,1,1
250,klik331@email.com,20/07/2022,My web cam image is not clear.,2,0
251,lwal366@email.com,20/07/2022,I can't get my blueTooth headphones to connect.,3,0
252,mmac810@email.com,21/07/2022,The text on my screen is too small.,1,0
253,hmur278@email.com,21/07/2022,I can't get my dual screens to show different images.,1,1
254,mhum863@email.com,24/07/2022,My mouse button doesn't work.,1,1
255,apil884@email.com,24/07/2022,I can't get my dual screens to show different images.,1,1
256,lwal447@email.com,24/07/2022,My web cam picture is blank.,2,1
257,dplu963@email.com,24/07/2022,Could you reset my password please.,1,0
258,sbro425@email.com,24/07/2022,My mouse button doesn't work.,1,1
259,cmcg423@email.com,24/07/2022,My email box is full.  Can I have more storage please?,1,1
260,jspi634@email.com,25/07/2022,I can't download an email attachment.,1,1
261,dper537@email.com,25/07/2022,Loss of Internet access.,1,1
262,xkan930@email.com,25/07/2022,My web cam picture is blank.,3,0
263,nqui472@email.com,25/07/2022,My mouse cursor is frozen.,3,1
264,pmck621@email.com,25/07/2022,My mouse button doesn't work.,1,1
265,rvan545@email.com,26/07/2022,My web cam image is not clear.,2,1
266,spla842@email.com,27/07/2022,My phone won't connect to my laptop.,2,1
267,bjon175@email.com,27/07/2022,I can't get my blueTooth headphones to connect.,2,1
268,dper537@email.com,27/07/2022,Loss of Internet access.,1,1
269,lliu777@email.com,27/07/2022,My computer can't see the network printer.,1,1
270,hwat497@email.com,27/07/2022,Loss of Internet access.,1,0
271,jwhi684@email.com,27/07/2022,I have a suspicious email.  Can you warn others about it.,1,0
272,sjoh651@email.com,27/07/2022,My mouse button doesn't work.,1,1
273,tric552@email.com,27/07/2022,Could you reset my password please.,1,1
274,ssim760@email.com,27/07/2022,My speakers aren't working.,3,0
275,ssim760@email.com,27/07/2022,My computer can't see the network printer.,1,1
276,nbun949@email.com,27/07/2022,I can't adjust the microphone volume on my headset.,3,1
277,rshe791@email.com,27/07/2022,My email box is full.  Can I have more storage please?,1,0
278,lsho989@email.com,27/07/2022,I can't download an email attachment.,1,1
279,kroe855@email.com,27/07/2022,My web cam picture is blank.,2,1
280,edic615@email.com,27/07/2022,My files are not backing up to the cloud anymore.,1,0
281,rker495@email.com,27/07/2022,Loss of Internet access.,1,1
282,cmon213@email.com,27/07/2022,My mouse button doesn't work.,1,1
283,gsew759@email.com,27/07/2022,My mouse cursor is frozen.,2,0
284,jkro461@email.com,27/07/2022,My mouse cursor is frozen.,3,1
285,lnel230@email.com,27/07/2022,My web cam image is not clear.,3,0
286,skor883@email.com,27/07/2022,My speakers aren't working.,2,1
287,yyij779@email.com,27/07/2022,My speakers aren't working.,2,0
288,pcho887@email.com,27/07/2022,I can't adjust the microphone volume on my headset.,3,0
289,lcor868@email.com,27/07/2022,My phone won't connect to my laptop.,3,1
290,crod264@email.com,27/07/2022,My web cam picture is blank.,2,1
291,lces669@email.com,27/07/2022,I can't download an email attachment.,1,0
292,abov917@email.com,27/07/2022,Loss of Internet access.,1,1
293,spla842@email.com,27/07/2022,My computer can't see the network printer.,1,0
294,mhum863@email.com,28/07/2022,Could you reset my password please.,1,0
295,mcor367@email.com,28/07/2022,I can't get my blueTooth headphones to connect.,2,1
296,crei727@email.com,28/07/2022,I can't get my blueTooth headphones to connect.,2,0
297,sdan629@email.com,28/07/2022,I can't get my dual screens to show different images.,1,0
298,csel980@email.com,28/07/2022,Loss of Internet access.,1,1
299,kgro396@email.com,28/07/2022,My computer can't see the network printer.,1,1
300,hwat497@email.com,28/07/2022,My mouse cursor is frozen.,3,0
301,csim534@email.com,31/07/2022,Loss of Internet access.,1,1
302,sbea309@email.com,31/07/2022,I can't get my blueTooth headphones to connect.,2,0
303,lgra552@email.com,31/07/2022,I can't download an email attachment.,1,1
304,alew569@email.com,31/07/2022,I have a suspicious email.  Can you warn others about it.,1,0
305,jcoo676@email.com,31/07/2022,My email box is full.  Can I have more storage please?,1,1
306,aric347@email.com,31/07/2022,I can't download an email attachment.,1,1
307,dpar893@email.com,31/07/2022,Can't access my network folder.,1,0
308,scoh580@email.com,31/07/2022,My email box is full.  Can I have more storage please?,1,1
309,lbao941@email.com,31/07/2022,Loss of Internet access.,1,1
310,lliu777@email.com,31/07/2022,Could you reset my password please.,1,1
311,jgar444@email.com,31/07/2022,Could you reset my password please.,1,1
312,rshe791@email.com,31/07/2022,My web cam picture is blank.,3,1
313,lsho989@email.com,31/07/2022,My mouse button doesn't work.,1,0
314,adav330@email.com,31/07/2022,My files are not backing up to the cloud anymore.,1,1
315,lwal447@email.com,31/07/2022,My docking station is not charging my laptop,3,1
316,vhug765@email.com,31/07/2022,My web cam picture is blank.,2,0
317,dper537@email.com,31/07/2022,My web cam image is not clear.,2,0
318,agre552@email.com,31/07/2022,Loss of Internet access.,1,1
319,pros923@email.com,31/07/2022,My speakers aren't working.,3,0
320,hbao810@email.com,01/08/2022,I can't get my blueTooth headphones to connect.,3,1
321,csel980@email.com,01/08/2022,My docking station is not charging my laptop,3,0
322,psor939@email.com,01/08/2022,Can't access my network folder.,1,0
323,cpen277@email.com,01/08/2022,My computer can't see the network printer.,1,1
324,cgru312@email.com,01/08/2022,My web cam picture is blank.,2,1
325,lwei328@email.com,01/08/2022,I can't get my blueTooth headphones to connect.,2,1
326,cpat598@email.com,02/08/2022,My web cam picture is blank.,2,0
327,kbri900@email.com,02/08/2022,I can't get my blueTooth headphones to connect.,3,1
328,csin484@email.com,02/08/2022,My computer can't see the network printer.,1,0
329,rfer418@email.com,02/08/2022,I can't access the Internet.,1,1
330,dhut682@email.com,02/08/2022,My mouse cursor is frozen.,2,0
331,twen667@email.com,02/08/2022,My web cam picture is blank.,2,0
332,spla842@email.com,02/08/2022,Could you reset my password please.,1,1
333,prob453@email.com,02/08/2022,Can't access my network folder.,1,0
334,swhi798@email.com,02/08/2022,I have a suspicious email.  Can you warn others about it.,1,0
335,jwri300@email.com,02/08/2022,Can't access my network folder.,1,1
336,rtho467@email.com,02/08/2022,My web cam image is not clear.,2,1
337,aspe855@email.com,02/08/2022,My computer can't see the network printer.,1,0
338,adav330@email.com,02/08/2022,My computer can't see the network printer.,1,1
339,rbur971@email.com,02/08/2022,My phone won't connect to my laptop.,2,0
340,kyou716@email.com,02/08/2022,My mouse button doesn't work.,1,1
341,dale781@email.com,02/08/2022,I can't get my dual screens to show different images.,1,0
342,lmcw662@email.com,02/08/2022,I can't adjust the microphone volume on my headset.,2,1
343,ctay416@email.com,02/08/2022,I can't get my blueTooth headphones to connect.,3,1
344,rvan545@email.com,02/08/2022,I can't adjust the microphone volume on my headset.,2,1
345,ebla652@email.com,02/08/2022,Could you reset my password please.,1,0
346,sdan629@email.com,02/08/2022,I can't download an email attachment.,1,0
347,rkan224@email.com,03/08/2022,The text on my screen is too small.,1,1
348,dsob768@email.com,03/08/2022,My mouse cursor is frozen.,3,0
349,zluo662@email.com,03/08/2022,Can't access my network folder.,1,1
350,cmun272@email.com,03/08/2022,I have a suspicious email.  Can you warn others about it.,1,1
351,jchr951@email.com,04/08/2022,I can't adjust the microphone volume on my headset.,2,1
352,lbao150@email.com,04/08/2022,Could you reset my password please.,1,1
353,rshe791@email.com,04/08/2022,My phone won't connect to my laptop.,3,0
354,lcri847@email.com,04/08/2022,Could you reset my password please.,1,0
355,smcp485@email.com,04/08/2022,My web cam image is not clear.,2,1
356,gand215@email.com,04/08/2022,Loss of Internet access.,1,0
357,zluo662@email.com,04/08/2022,My mouse button doesn't work.,1,1
358,smor720@email.com,04/08/2022,My mouse button doesn't work.,1,1
359,tcoh444@email.com,04/08/2022,My mouse button doesn't work.,1,1
360,skor883@email.com,04/08/2022,The text on my screen is too small.,1,1
361,jrob313@email.com,04/08/2022,My files are not backing up to the cloud anymore.,1,1
362,swhi798@email.com,04/08/2022,My speakers aren't working.,3,1
363,smck563@email.com,04/08/2022,My phone won't connect to my laptop.,3,1
364,cgru312@email.com,04/08/2022,I can't get my dual screens to show different images.,1,1
365,lcor868@email.com,04/08/2022,My web cam picture is blank.,2,1
366,yxue296@email.com,04/08/2022,My docking station is not charging my laptop,3,0
367,lliu777@email.com,04/08/2022,I can't get my dual screens to show different images.,1,1
368,lliu777@email.com,04/08/2022,My docking station is not charging my laptop,2,0
369,lnel230@email.com,04/08/2022,Could you reset my password please.,1,0
370,trei753@email.com,04/08/2022,Can't access my network folder.,1,1
371,jrob313@email.com,04/08/2022,My speakers aren't working.,3,1
372,tmal428@email.com,04/08/2022,My mouse cursor is frozen.,2,1
373,rwil848@email.com,04/08/2022,Could you reset my password please.,1,1
374,tmal428@email.com,04/08/2022,My speakers aren't working.,3,1
375,lcor868@email.com,04/08/2022,I can't get my dual screens to show different images.,1,1
376,fzhi813@email.com,04/08/2022,My files are not backing up to the cloud anymore.,1,1
377,ebaq117@email.com,04/08/2022,Can't access my network folder.,1,1
378,hmac813@email.com,04/08/2022,I can't get my blueTooth headphones to connect.,2,1
379,fmin685@email.com,04/08/2022,My email box is full.  Can I have more storage please?,1,1
380,mmet299@email.com,04/08/2022,I can't access the Internet.,1,0
381,jhus268@email.com,04/08/2022,My files are not backing up to the cloud anymore.,1,0
382,nhen951@email.com,04/08/2022,I can't get my dual screens to show different images.,1,0
383,ylei379@email.com,04/08/2022,Could you reset my password please.,1,1
384,dsub566@email.com,04/08/2022,I can't adjust the microphone volume on my headset.,2,1
385,gsew759@email.com,04/08/2022,I have a suspicious email.  Can you warn others about it.,1,1
386,smcp485@email.com,04/08/2022,My web cam image is not clear.,2,0
387,eher957@email.com,04/08/2022,My files are not backing up to the cloud anymore.,1,0
388,smcp485@email.com,04/08/2022,The text on my screen is too small.,1,1
389,swhi798@email.com,04/08/2022,I can't get my blueTooth headphones to connect.,2,0
390,lces669@email.com,04/08/2022,I can't access the Internet.,1,1
391,qche545@email.com,04/08/2022,My files are not backing up to the cloud anymore.,1,0
392,tsou575@email.com,04/08/2022,The text on my screen is too small.,1,0
393,kbut903@email.com,04/08/2022,My phone won't connect to my laptop.,3,1
394,rkan224@email.com,04/08/2022,My phone won't connect to my laptop.,2,1
395,yxue296@email.com,04/08/2022,My computer can't see the network printer.,1,1
396,zde969@email.com,07/08/2022,I have a suspicious email.  Can you warn others about it.,1,1
397,gand215@email.com,07/08/2022,My mouse cursor is frozen.,3,1
398,tmcl764@email.com,07/08/2022,My docking station is not charging my laptop,3,1
399,mbro500@email.com,07/08/2022,I can't download an email attachment.,1,0
400,zluo662@email.com,07/08/2022,I can't get my blueTooth headphones to connect.,3,1
401,edev108@email.com,07/08/2022,I can't adjust the microphone volume on my headset.,3,0
402,pdav387@email.com,08/08/2022,My web cam image is not clear.,3,0
403,kroe855@email.com,09/08/2022,My phone won't connect to my laptop.,3,1
404,zyi674@email.com,09/08/2022,My computer can't see the network printer.,1,0
405,cmck244@email.com,09/08/2022,I can't get my blueTooth headphones to connect.,2,1
406,prob453@email.com,09/08/2022,I can't adjust the microphone volume on my headset.,3,1
407,bmcc569@email.com,09/08/2022,My mouse cursor is frozen.,3,1
408,alew569@email.com,09/08/2022,My docking station is not charging my laptop,2,0
409,aspe855@email.com,09/08/2022,My docking station is not charging my laptop,2,1
410,tric552@email.com,09/08/2022,My docking station is not charging my laptop,3,1
411,fcuy357@email.com,09/08/2022,My web cam picture is blank.,2,1
412,ujar162@email.com,09/08/2022,My files are not backing up to the cloud anymore.,1,1
413,sbro425@email.com,09/08/2022,I can't access the Internet.,1,1
414,rker495@email.com,10/08/2022,My computer can't see the network printer.,1,1
415,tmey824@email.com,10/08/2022,I can't adjust the microphone volume on my headset.,2,1
416,tvai401@email.com,10/08/2022,I can't get my blueTooth headphones to connect.,3,1
417,dplu963@email.com,10/08/2022,I can't get my blueTooth headphones to connect.,3,1
418,pcho887@email.com,10/08/2022,My phone won't connect to my laptop.,2,1
419,kbut903@email.com,10/08/2022,I can't adjust the microphone volume on my headset.,2,1
420,swhi798@email.com,10/08/2022,My speakers aren't working.,3,1
421,ujar162@email.com,10/08/2022,The text on my screen is too small.,1,1
422,trei753@email.com,10/08/2022,I can't download an email attachment.,1,1
423,swhi798@email.com,11/08/2022,My web cam image is not clear.,3,0
424,jrob313@email.com,11/08/2022,Can't access my network folder.,1,1
425,gsew759@email.com,11/08/2022,My mouse button doesn't work.,1,0
426,eher957@email.com,11/08/2022,My mouse cursor is frozen.,3,1
427,cnin104@email.com,11/08/2022,My docking station is not charging my laptop,3,1
428,dgre124@email.com,14/08/2022,The text on my screen is too small.,1,1
429,jspi634@email.com,14/08/2022,My web cam image is not clear.,2,0
430,gsew759@email.com,14/08/2022,The text on my screen is too small.,1,1
431,rvan545@email.com,14/08/2022,Could you reset my password please.,1,1
432,msal593@email.com,14/08/2022,My files are not backing up to the cloud anymore.,1,0
433,tfen716@email.com,14/08/2022,My web cam image is not clear.,2,0
434,kbri900@email.com,15/08/2022,I can't access the Internet.,1,1
435,adub390@email.com,15/08/2022,Loss of Internet access.,1,0
436,aabb463@email.com,15/08/2022,I can't download an email attachment.,1,0
437,rtho467@email.com,16/08/2022,My speakers aren't working.,2,1
438,edic615@email.com,16/08/2022,I have a suspicious email.  Can you warn others about it.,1,1
439,aabb463@email.com,16/08/2022,I can't adjust the microphone volume on my headset.,2,1
440,amas774@email.com,16/08/2022,Loss of Internet access.,1,0
441,zde969@email.com,16/08/2022,Could you reset my password please.,1,1
442,tvai401@email.com,16/08/2022,I can't download an email attachment.,1,1
443,amas774@email.com,17/08/2022,Can't access my network folder.,1,1
444,lliu777@email.com,17/08/2022,My web cam picture is blank.,2,1
445,edev108@email.com,17/08/2022,I can't download an email attachment.,1,1
446,lgon902@email.com,17/08/2022,My files are not backing up to the cloud anymore.,1,1
447,spla842@email.com,17/08/2022,I can't access the Internet.,1,0
448,barv104@email.com,17/08/2022,My mouse button doesn't work.,1,1
449,dgre124@email.com,17/08/2022,My speakers aren't working.,3,0
450,dhut682@email.com,17/08/2022,My email box is full.  Can I have more storage please?,1,1
451,jmag670@email.com,17/08/2022,My web cam image is not clear.,2,0
452,aspe855@email.com,17/08/2022,My mouse button doesn't work.,1,0
453,pmck621@email.com,17/08/2022,My files are not backing up to the cloud anymore.,1,1
454,lliu777@email.com,17/08/2022,Loss of Internet access.,1,1
455,xkan930@email.com,17/08/2022,I can't download an email attachment.,1,0
456,tval275@email.com,17/08/2022,I can't get my blueTooth headphones to connect.,3,1
457,jhus268@email.com,17/08/2022,Can't access my network folder.,1,0
458,lbao150@email.com,17/08/2022,My speakers aren't working.,3,0
459,csin845@email.com,17/08/2022,I can't get my blueTooth headphones to connect.,3,1
460,scoh580@email.com,17/08/2022,My phone won't connect to my laptop.,3,0
461,rchi700@email.com,17/08/2022,My speakers aren't working.,3,1
462,prob453@email.com,17/08/2022,My web cam image is not clear.,3,0
463,csin845@email.com,17/08/2022,My docking station is not charging my laptop,3,1
464,ebla652@email.com,17/08/2022,Loss of Internet access.,1,0
465,foph202@email.com,18/08/2022,My web cam picture is blank.,2,1
466,grei803@email.com,18/08/2022,I can't get my dual screens to show different images.,1,0
467,rgui876@email.com,21/08/2022,My web cam picture is blank.,3,0
468,cchr994@email.com,21/08/2022,I can't get my blueTooth headphones to connect.,2,1
469,lmcf171@email.com,21/08/2022,My mouse cursor is frozen.,3,1
470,slam758@email.com,21/08/2022,My speakers aren't working.,2,1
471,csin845@email.com,21/08/2022,My files are not backing up to the cloud anymore.,1,1
472,mpet663@email.com,21/08/2022,My computer can't see the network printer.,1,1
473,csmi333@email.com,21/08/2022,I have a suspicious email.  Can you warn others about it.,1,1
474,ro's712@email.com,21/08/2022,Can't access my network folder.,1,1
475,bmcc569@email.com,21/08/2022,I can't adjust the microphone volume on my headset.,2,1
476,rbur971@email.com,21/08/2022,My speakers aren't working.,2,1
477,kaaf912@email.com,21/08/2022,My web cam image is not clear.,3,0
478,cmcg423@email.com,21/08/2022,My mouse button doesn't work.,1,1
479,klik331@email.com,21/08/2022,My mouse button doesn't work.,1,0
480,jchr951@email.com,21/08/2022,My mouse button doesn't work.,1,1
481,barv104@email.com,21/08/2022,My mouse cursor is frozen.,3,1
482,lcor868@email.com,21/08/2022,My speakers aren't working.,2,1
483,hgar508@email.com,22/08/2022,My web cam picture is blank.,3,1
484,hlei381@email.com,22/08/2022,I can't download an email attachment.,1,1
485,csch538@email.com,22/08/2022,Loss of Internet access.,1,0
486,rfer418@email.com,22/08/2022,Could you reset my password please.,1,1
487,ksin684@email.com,22/08/2022,My mouse cursor is frozen.,2,1
488,rgui876@email.com,22/08/2022,Can't access my network folder.,1,0
489,ilee544@email.com,22/08/2022,I can't get my blueTooth headphones to connect.,3,0
490,bo'l196@email.com,22/08/2022,Loss of Internet access.,1,1
491,lrob540@email.com,22/08/2022,My mouse button doesn't work.,1,0
492,mhum863@email.com,22/08/2022,I can't get my dual screens to show different images.,1,1
493,bmcw268@email.com,22/08/2022,My speakers aren't working.,3,1
494,lgra552@email.com,23/08/2022,I have a suspicious email.  Can you warn others about it.,1,1
495,lcor868@email.com,24/08/2022,My phone won't connect to my laptop.,2,1
496,smci667@email.com,24/08/2022,My mouse cursor is frozen.,3,0
497,ealf266@email.com,24/08/2022,The text on my screen is too small.,1,1
498,lliu777@email.com,24/08/2022,My web cam picture is blank.,2,1
499,lhe259@email.com,24/08/2022,I can't download an email attachment.,1,1
500,foph202@email.com,25/08/2022,I can't download an email attachment.,1,1
501,ujar162@email.com,25/08/2022,Could you reset my password please.,1,1
502,cchi967@email.com,25/08/2022,I can't access the Internet.,1,1
503,rgui876@email.com,25/08/2022,My email box is full.  Can I have more storage please?,1,0
504,cmun272@email.com,25/08/2022,Could you reset my password please.,1,1
505,smck563@email.com,25/08/2022,Could you reset my password please.,1,0
506,ccai446@email.com,28/08/2022,I can't get my dual screens to show different images.,1,1
507,cchr994@email.com,28/08/2022,My email box is full.  Can I have more storage please?,1,1
508,gand215@email.com,28/08/2022,Could you reset my password please.,1,1
509,aman282@email.com,28/08/2022,I can't access the Internet.,1,1
510,ctay323@email.com,28/08/2022,My mouse button doesn't work.,1,1
511,foph202@email.com,28/08/2022,I can't access the Internet.,1,1
512,rbur971@email.com,28/08/2022,My docking station is not charging my laptop,2,1
513,zyin345@email.com,28/08/2022,My docking station is not charging my laptop,3,1
514,cnin104@email.com,28/08/2022,My web cam image is not clear.,2,1
515,rdun515@email.com,28/08/2022,I have a suspicious email.  Can you warn others about it.,1,0
516,akar563@email.com,29/08/2022,My mouse button doesn't work.,1,0
517,zde969@email.com,30/08/2022,My computer can't see the network printer.,1,1
518,bjon175@email.com,30/08/2022,My mouse button doesn't work.,1,1
519,zcha328@email.com,30/08/2022,My files are not backing up to the cloud anymore.,1,1
520,jcar366@email.com,30/08/2022,I can't adjust the microphone volume on my headset.,2,0
521,wtwi204@email.com,30/08/2022,I have a suspicious email.  Can you warn others about it.,1,1
522,kbut903@email.com,30/08/2022,The text on my screen is too small.,1,0
523,cmck244@email.com,30/08/2022,My computer can't see the network printer.,1,1
524,rshe791@email.com,30/08/2022,I can't access the Internet.,1,0
525,ebla652@email.com,30/08/2022,My mouse cursor is frozen.,3,1
526,cchi967@email.com,30/08/2022,My computer can't see the network printer.,1,1
527,sold892@email.com,30/08/2022,My mouse button doesn't work.,1,0
528,mkow936@email.com,30/08/2022,My mouse button doesn't work.,1,1
529,lwei328@email.com,30/08/2022,I can't download an email attachment.,1,1
530,aabb463@email.com,31/08/2022,I have a suspicious email.  Can you warn others about it.,1,1
531,aric347@email.com,31/08/2022,My mouse cursor is frozen.,3,1
532,zcha328@email.com,31/08/2022,My files are not backing up to the cloud anymore.,1,0
533,pmck621@email.com,31/08/2022,My email box is full.  Can I have more storage please?,1,1
534,cchi967@email.com,31/08/2022,My phone won't connect to my laptop.,3,1
535,sbea309@email.com,31/08/2022,My phone won't connect to my laptop.,3,1
536,slam437@email.com,01/09/2022,Loss of Internet access.,1,1
537,dplu963@email.com,01/09/2022,My email box is full.  Can I have more storage please?,1,0
538,zyin345@email.com,01/09/2022,My web cam picture is blank.,2,1
539,lwal447@email.com,04/09/2022,The text on my screen is too small.,1,1
540,jwri300@email.com,04/09/2022,My mouse cursor is frozen.,3,1
541,ebla652@email.com,04/09/2022,My mouse button doesn't work.,1,1
542,jspi634@email.com,04/09/2022,My docking station is not charging my laptop,3,1
543,dsob768@email.com,04/09/2022,The text on my screen is too small.,1,0
544,lhe259@email.com,04/09/2022,My mouse cursor is frozen.,2,1
545,slam437@email.com,04/09/2022,I can't access the Internet.,1,1
546,kste433@email.com,04/09/2022,My speakers aren't working.,2,1
547,rshe791@email.com,04/09/2022,My web cam picture is blank.,2,0
548,jmag670@email.com,04/09/2022,The text on my screen is too small.,1,0
549,akar563@email.com,05/09/2022,I can't download an email attachment.,1,0
550,gsew759@email.com,05/09/2022,My mouse cursor is frozen.,2,0
551,dels107@email.com,05/09/2022,My speakers aren't working.,3,1
552,lwei328@email.com,05/09/2022,I can't get my dual screens to show different images.,1,0
553,fper154@email.com,05/09/2022,The text on my screen is too small.,1,0
554,jspi634@email.com,05/09/2022,The text on my screen is too small.,1,0
555,fmin685@email.com,05/09/2022,I can't get my dual screens to show different images.,1,1
556,hgar508@email.com,05/09/2022,My docking station is not charging my laptop,3,0
557,jrob313@email.com,05/09/2022,My docking station is not charging my laptop,2,1
558,char132@email.com,05/09/2022,My phone won't connect to my laptop.,3,0
559,tvai401@email.com,05/09/2022,My files are not backing up to the cloud anymore.,1,1
560,ggot764@email.com,05/09/2022,My speakers aren't working.,3,1
561,rker428@email.com,05/09/2022,My phone won't connect to my laptop.,3,0
562,ebla652@email.com,05/09/2022,My web cam image is not clear.,3,1
563,rker428@email.com,05/09/2022,My web cam picture is blank.,2,1
564,tfen716@email.com,05/09/2022,My email box is full.  Can I have more storage please?,1,1
565,lnow894@email.com,05/09/2022,Loss of Internet access.,1,1
566,zluo662@email.com,05/09/2022,My mouse button doesn't work.,1,1
567,jgar444@email.com,05/09/2022,The text on my screen is too small.,1,1
568,dhut682@email.com,05/09/2022,I can't get my dual screens to show different images.,1,0
569,kbri900@email.com,05/09/2022,My email box is full.  Can I have more storage please?,1,0
570,trei753@email.com,05/09/2022,I can't download an email attachment.,1,1
571,amas774@email.com,05/09/2022,My mouse cursor is frozen.,3,1
572,yxue296@email.com,05/09/2022,My phone won't connect to my laptop.,2,1
573,eher957@email.com,05/09/2022,I can't get my dual screens to show different images.,1,1
574,dmil939@email.com,06/09/2022,My docking station is not charging my laptop,3,1
575,tric552@email.com,06/09/2022,My web cam picture is blank.,3,0
576,ro's712@email.com,06/09/2022,My phone won't connect to my laptop.,3,0
577,rker495@email.com,06/09/2022,I can't download an email attachment.,1,0
578,ctay323@email.com,06/09/2022,I have a suspicious email.  Can you warn others about it.,1,0
579,rvan545@email.com,06/09/2022,My web cam image is not clear.,3,0
580,zyi674@email.com,06/09/2022,My files are not backing up to the cloud anymore.,1,1
581,barv104@email.com,06/09/2022,My computer can't see the network printer.,1,1
582,smcp485@email.com,06/09/2022,My docking station is not charging my laptop,3,1
583,qche545@email.com,06/09/2022,My web cam picture is blank.,2,0
584,alew569@email.com,06/09/2022,My files are not backing up to the cloud anymore.,1,1
585,lwal366@email.com,06/09/2022,My files are not backing up to the cloud anymore.,1,1
586,trei753@email.com,06/09/2022,My docking station is not charging my laptop,2,1
587,rfer418@email.com,07/09/2022,My speakers aren't working.,2,1
588,lcor868@email.com,07/09/2022,I can't get my dual screens to show different images.,1,0
589,to'r113@email.com,08/09/2022,My mouse button doesn't work.,1,1
590,smck563@email.com,08/09/2022,I can't access the Internet.,1,1
591,fmin685@email.com,08/09/2022,I can't get my blueTooth headphones to connect.,2,1
592,dsub566@email.com,11/09/2022,My files are not backing up to the cloud anymore.,1,1
593,scoh580@email.com,11/09/2022,My files are not backing up to the cloud anymore.,1,1
594,jgar444@email.com,11/09/2022,My web cam picture is blank.,2,1
595,pcho887@email.com,11/09/2022,My email box is full.  Can I have more storage please?,1,1
596,iare865@email.com,11/09/2022,My web cam picture is blank.,3,1
597,sbea309@email.com,11/09/2022,My mouse button doesn't work.,1,1
598,alew569@email.com,11/09/2022,My computer can't see the network printer.,1,1
599,ujar162@email.com,11/09/2022,My web cam image is not clear.,3,1
600,lces669@email.com,11/09/2022,Could you reset my password please.,1,1
601,twen667@email.com,11/09/2022,Can't access my network folder.,1,1
602,jsim168@email.com,11/09/2022,I have a suspicious email.  Can you warn others about it.,1,0
603,edic615@email.com,11/09/2022,I can't get my blueTooth headphones to connect.,3,1
604,lwei328@email.com,11/09/2022,The text on my screen is too small.,1,0
605,apro256@email.com,11/09/2022,My email box is full.  Can I have more storage please?,1,1
606,mcai409@email.com,11/09/2022,My computer can't see the network printer.,1,1
607,dpar893@email.com,11/09/2022,I can't download an email attachment.,1,1
608,dsub566@email.com,11/09/2022,I have a suspicious email.  Can you warn others about it.,1,0
609,slam437@email.com,11/09/2022,My files are not backing up to the cloud anymore.,1,1
610,rker428@email.com,11/09/2022,Loss of Internet access.,1,0
611,lhe259@email.com,11/09/2022,My web cam picture is blank.,2,1
612,ealf266@email.com,11/09/2022,The text on my screen is too small.,1,0
613,rfer418@email.com,12/09/2022,I can't get my dual screens to show different images.,1,0
614,prob453@email.com,12/09/2022,Loss of Internet access.,1,1
615,kwhi534@email.com,12/09/2022,My web cam picture is blank.,3,0
616,lhe259@email.com,12/09/2022,I can't download an email attachment.,1,1
617,rshe791@email.com,12/09/2022,I can't access the Internet.,1,1
618,mcai409@email.com,12/09/2022,My web cam picture is blank.,2,0
619,zmin412@email.com,12/09/2022,My speakers aren't working.,3,1
620,hlei381@email.com,12/09/2022,I can't download an email attachment.,1,1
621,csmi333@email.com,12/09/2022,My files are not backing up to the cloud anymore.,1,1
622,rker428@email.com,12/09/2022,My docking station is not charging my laptop,2,1
623,kste433@email.com,12/09/2022,The text on my screen is too small.,1,1
624,qkun463@email.com,13/09/2022,My phone won't connect to my laptop.,2,1
625,rgui876@email.com,13/09/2022,My mouse button doesn't work.,1,1
626,csch538@email.com,13/09/2022,My computer can't see the network printer.,1,1
627,tmar516@email.com,13/09/2022,I can't access the Internet.,1,0
628,xsoa546@email.com,13/09/2022,My email box is full.  Can I have more storage please?,1,1
629,lwal366@email.com,13/09/2022,Could you reset my password please.,1,1
630,jspi634@email.com,13/09/2022,I can't download an email attachment.,1,1
631,jwri300@email.com,13/09/2022,Could you reset my password please.,1,1
632,yyij779@email.com,14/09/2022,My web cam picture is blank.,3,0
633,ihun275@email.com,14/09/2022,My mouse button doesn't work.,1,0
634,smor720@email.com,14/09/2022,My email box is full.  Can I have more storage please?,1,1
635,jmar475@email.com,14/09/2022,My files are not backing up to the cloud anymore.,1,0
636,smck563@email.com,14/09/2022,I can't get my blueTooth headphones to connect.,2,0
637,ihun275@email.com,14/09/2022,Could you reset my password please.,1,0
638,smer111@email.com,14/09/2022,I can't adjust the microphone volume on my headset.,2,1
639,lmcw662@email.com,14/09/2022,Could you reset my password please.,1,1
640,apro256@email.com,14/09/2022,My mouse cursor is frozen.,3,1
641,sbro425@email.com,14/09/2022,I can't access the Internet.,1,0
642,scat467@email.com,15/09/2022,I can't download an email attachment.,1,1
643,hgar508@email.com,15/09/2022,My files are not backing up to the cloud anymore.,1,0
644,tmcp991@email.com,15/09/2022,Could you reset my password please.,1,1
645,ro's712@email.com,15/09/2022,My email box is full.  Can I have more storage please?,1,1
646,klik331@email.com,18/09/2022,My mouse cursor is frozen.,2,1
647,gmcc411@email.com,19/09/2022,My web cam picture is blank.,3,1
648,tmcp991@email.com,19/09/2022,My phone won't connect to my laptop.,2,1
649,smor720@email.com,19/09/2022,Can't access my network folder.,1,1
650,bjon175@email.com,19/09/2022,My phone won't connect to my laptop.,3,1
651,jcoo567@email.com,19/09/2022,My web cam picture is blank.,3,0
652,cmcg423@email.com,19/09/2022,My web cam picture is blank.,2,1
653,kste433@email.com,20/09/2022,Can't access my network folder.,1,0
654,lgon902@email.com,20/09/2022,My computer can't see the network printer.,1,0
655,aman282@email.com,20/09/2022,I can't get my dual screens to show different images.,1,1
656,mo'l731@email.com,20/09/2022,My mouse button doesn't work.,1,1
657,mlop584@email.com,20/09/2022,I can't adjust the microphone volume on my headset.,2,0
658,erob579@email.com,20/09/2022,Loss of Internet access.,1,1
659,ihun275@email.com,20/09/2022,I can't adjust the microphone volume on my headset.,3,1
660,lwal447@email.com,20/09/2022,I can't get my blueTooth headphones to connect.,3,0
661,jjon592@email.com,21/09/2022,I can't adjust the microphone volume on my headset.,2,1
662,zde969@email.com,21/09/2022,My web cam image is not clear.,3,1
663,csch538@email.com,22/09/2022,My web cam picture is blank.,2,1
664,jsim168@email.com,22/09/2022,My docking station is not charging my laptop,3,1
665,dgre124@email.com,22/09/2022,My web cam image is not clear.,3,0
666,aman282@email.com,22/09/2022,I can't get my dual screens to show different images.,1,0
667,cmun272@email.com,22/09/2022,The text on my screen is too small.,1,0
668,ealf266@email.com,22/09/2022,Could you reset my password please.,1,1
669,aman282@email.com,22/09/2022,Can't access my network folder.,1,1
670,grei803@email.com,22/09/2022,My docking station is not charging my laptop,2,0
671,xkan930@email.com,22/09/2022,My email box is full.  Can I have more storage please?,1,0
672,srob769@email.com,25/09/2022,My mouse cursor is frozen.,2,1
673,mlop584@email.com,25/09/2022,I can't get my blueTooth headphones to connect.,3,0
674,jhyp757@email.com,25/09/2022,My computer can't see the network printer.,1,1
675,vhug765@email.com,26/09/2022,My computer can't see the network printer.,1,1
676,scat467@email.com,26/09/2022,The text on my screen is too small.,1,0
677,lcor868@email.com,26/09/2022,I can't download an email attachment.,1,1
678,aric347@email.com,27/09/2022,Loss of Internet access.,1,0
679,lces669@email.com,27/09/2022,My speakers aren't working.,3,1
680,rtho467@email.com,27/09/2022,My computer can't see the network printer.,1,1
681,xkan930@email.com,28/09/2022,I can't download an email attachment.,1,1
682,wmcc818@email.com,28/09/2022,Could you reset my password please.,1,1
683,tmck964@email.com,28/09/2022,My mouse button doesn't work.,1,1
684,jwhi684@email.com,28/09/2022,The text on my screen is too small.,1,0
685,ylei379@email.com,28/09/2022,My web cam picture is blank.,2,0
686,mpet663@email.com,29/09/2022,My phone won't connect to my laptop.,2,1
687,mlen613@email.com,02/10/2022,I have a suspicious email.  Can you warn others about it.,1,0
688,hmac813@email.com,02/10/2022,My mouse cursor is frozen.,2,0
689,kaaf912@email.com,02/10/2022,My mouse cursor is frozen.,3,1
690,jpat108@email.com,02/10/2022,My mouse cursor is frozen.,2,1
691,ctay416@email.com,02/10/2022,Could you reset my password please.,1,1
692,dplu963@email.com,02/10/2022,Can't access my network folder.,1,0
693,jwri300@email.com,02/10/2022,My phone won't connect to my laptop.,3,1
694,pros923@email.com,02/10/2022,My docking station is not charging my laptop,3,1
695,lgai493@email.com,02/10/2022,I have a suspicious email.  Can you warn others about it.,1,0
696,jwri300@email.com,02/10/2022,My web cam picture is blank.,2,1
697,lnel230@email.com,02/10/2022,Loss of Internet access.,1,1
698,lgai493@email.com,02/10/2022,My web cam picture is blank.,2,1
699,foph202@email.com,02/10/2022,Loss of Internet access.,1,1
700,vhug765@email.com,03/10/2022,Loss of Internet access.,1,1
701,to'r113@email.com,03/10/2022,I have a suspicious email.  Can you warn others about it.,1,1
702,lsho989@email.com,03/10/2022,Can't access my network folder.,1,1
703,hlei381@email.com,03/10/2022,My mouse cursor is frozen.,2,1
704,qkun463@email.com,03/10/2022,My mouse cursor is frozen.,2,1
705,pros923@email.com,03/10/2022,My speakers aren't working.,2,1
706,jhyp757@email.com,03/10/2022,My computer can't see the network printer.,1,1
707,prob453@email.com,03/10/2022,My speakers aren't working.,3,1
708,dale781@email.com,03/10/2022,My mouse button doesn't work.,1,1
709,ssim760@email.com,03/10/2022,My phone won't connect to my laptop.,3,1
710,scoh580@email.com,03/10/2022,My files are not backing up to the cloud anymore.,1,0
711,lliu777@email.com,03/10/2022,The text on my screen is too small.,1,1
712,jwhi684@email.com,03/10/2022,My mouse button doesn't work.,1,0
713,sweg974@email.com,03/10/2022,My phone won't connect to my laptop.,2,1
714,gadi266@email.com,03/10/2022,Could you reset my password please.,1,1
715,rchi700@email.com,03/10/2022,I can't access the Internet.,1,1
716,tcoh444@email.com,03/10/2022,The text on my screen is too small.,1,1
717,lnel230@email.com,03/10/2022,I have a suspicious email.  Can you warn others about it.,1,1
718,ecal258@email.com,03/10/2022,My phone won't connect to my laptop.,3,1
719,psor939@email.com,03/10/2022,My speakers aren't working.,2,0
720,ssim760@email.com,03/10/2022,Loss of Internet access.,1,1
721,lbao941@email.com,03/10/2022,My files are not backing up to the cloud anymore.,1,0
722,bmct787@email.com,03/10/2022,I can't get my blueTooth headphones to connect.,2,1
723,fzhi813@email.com,03/10/2022,Loss of Internet access.,1,0
724,bmcw268@email.com,03/10/2022,I can't get my dual screens to show different images.,1,1
725,smor720@email.com,03/10/2022,I can't get my blueTooth headphones to connect.,2,1
726,sbre757@email.com,03/10/2022,My web cam image is not clear.,3,1
727,kaaf912@email.com,03/10/2022,The text on my screen is too small.,1,1
728,dmid559@email.com,03/10/2022,The text on my screen is too small.,1,1
729,lliu777@email.com,03/10/2022,I can't access the Internet.,1,0
730,lxie552@email.com,03/10/2022,I can't adjust the microphone volume on my headset.,3,0
731,tbro117@email.com,03/10/2022,My web cam image is not clear.,2,0
732,jpat108@email.com,04/10/2022,My files are not backing up to the cloud anymore.,1,1
733,jwhi684@email.com,05/10/2022,My web cam image is not clear.,3,1
734,csmi333@email.com,06/10/2022,The text on my screen is too small.,1,1
735,mmet299@email.com,06/10/2022,My mouse button doesn't work.,1,1
736,nqui472@email.com,06/10/2022,I can't download an email attachment.,1,0
737,wtwi204@email.com,06/10/2022,Loss of Internet access.,1,1
738,tric552@email.com,06/10/2022,My email box is full.  Can I have more storage please?,1,1
739,shil978@email.com,06/10/2022,My docking station is not charging my laptop,3,1
740,lbao150@email.com,09/10/2022,Could you reset my password please.,1,1
741,trei753@email.com,09/10/2022,I can't get my blueTooth headphones to connect.,2,1
742,tvai401@email.com,09/10/2022,My phone won't connect to my laptop.,2,1
743,bjon175@email.com,09/10/2022,My phone won't connect to my laptop.,3,1
744,zlei833@email.com,09/10/2022,My files are not backing up to the cloud anymore.,1,1
745,erig790@email.com,09/10/2022,My email box is full.  Can I have more storage please?,1,0
746,zde969@email.com,10/10/2022,I can't adjust the microphone volume on my headset.,3,1
747,bjon175@email.com,10/10/2022,Loss of Internet access.,1,1
748,gsew759@email.com,11/10/2022,My computer can't see the network printer.,1,1
749,aspe855@email.com,11/10/2022,I can't adjust the microphone volume on my headset.,2,0
750,cpat598@email.com,11/10/2022,My docking station is not charging my laptop,3,1
751,tkuj104@email.com,12/10/2022,My computer can't see the network printer.,1,0
752,csin845@email.com,12/10/2022,My phone won't connect to my laptop.,3,1
753,bmcc569@email.com,12/10/2022,I can't get my blueTooth headphones to connect.,2,0
754,gmcc411@email.com,12/10/2022,I can't get my blueTooth headphones to connect.,3,1
755,jmar475@email.com,12/10/2022,Can't access my network folder.,1,0
756,aabb463@email.com,12/10/2022,My mouse cursor is frozen.,3,1
757,ihun275@email.com,12/10/2022,My mouse cursor is frozen.,3,1
758,lgon902@email.com,12/10/2022,I can't get my dual screens to show different images.,1,0
759,apil884@email.com,12/10/2022,My docking station is not charging my laptop,2,1
760,ealf266@email.com,12/10/2022,My mouse cursor is frozen.,2,1
761,ebla652@email.com,12/10/2022,My web cam picture is blank.,2,1
762,prob453@email.com,12/10/2022,My web cam picture is blank.,2,0
763,tsul478@email.com,12/10/2022,My speakers aren't working.,3,1
764,slam758@email.com,12/10/2022,My web cam picture is blank.,3,0
765,dmia463@email.com,12/10/2022,My mouse button doesn't work.,1,0
766,dsob768@email.com,12/10/2022,I have a suspicious email.  Can you warn others about it.,1,0
767,jsim168@email.com,12/10/2022,The text on my screen is too small.,1,1
768,lhe259@email.com,12/10/2022,Loss of Internet access.,1,1
769,jchr951@email.com,12/10/2022,The text on my screen is too small.,1,1
770,dzha676@email.com,12/10/2022,My mouse cursor is frozen.,3,1
771,ctay323@email.com,12/10/2022,I can't get my blueTooth headphones to connect.,2,1
772,sman522@email.com,12/10/2022,My docking station is not charging my laptop,3,1
773,barv104@email.com,13/10/2022,I can't get my dual screens to show different images.,1,0
774,kaaf912@email.com,13/10/2022,My mouse cursor is frozen.,3,0
775,aabb463@email.com,13/10/2022,My web cam picture is blank.,3,0
776,kand507@email.com,13/10/2022,My computer can't see the network printer.,1,1
777,mpet663@email.com,13/10/2022,My mouse cursor is frozen.,3,1
778,hmur278@email.com,13/10/2022,My mouse button doesn't work.,1,0
779,smer111@email.com,13/10/2022,My web cam image is not clear.,3,1
780,xkan930@email.com,13/10/2022,My web cam image is not clear.,3,0
781,mlen613@email.com,13/10/2022,My docking station is not charging my laptop,3,1
782,aman282@email.com,13/10/2022,I can't get my blueTooth headphones to connect.,3,1
783,pros923@email.com,13/10/2022,My email box is full.  Can I have more storage please?,1,1
784,twen667@email.com,16/10/2022,My web cam image is not clear.,2,1
785,kbri900@email.com,16/10/2022,Can't access my network folder.,1,0
786,tsul478@email.com,16/10/2022,My mouse cursor is frozen.,3,1
787,slam437@email.com,16/10/2022,I have a suspicious email.  Can you warn others about it.,1,0
788,rbur971@email.com,16/10/2022,I can't adjust the microphone volume on my headset.,2,0
789,mlop584@email.com,16/10/2022,My speakers aren't working.,3,0
790,lbao941@email.com,16/10/2022,My email box is full.  Can I have more storage please?,1,0
791,sjoh651@email.com,16/10/2022,Could you reset my password please.,1,0
792,cchr994@email.com,16/10/2022,Loss of Internet access.,1,0
793,ihun275@email.com,16/10/2022,I can't adjust the microphone volume on my headset.,2,0
794,tfen716@email.com,17/10/2022,My mouse button doesn't work.,1,0
795,crei727@email.com,17/10/2022,My mouse button doesn't work.,1,1
796,vhug765@email.com,17/10/2022,I can't adjust the microphone volume on my headset.,3,0
797,lnys237@email.com,17/10/2022,I can't access the Internet.,1,0
798,jmar475@email.com,18/10/2022,I can't get my blueTooth headphones to connect.,2,1
799,dplu963@email.com,18/10/2022,My mouse button doesn't work.,1,1
800,tnid586@email.com,18/10/2022,I can't download an email attachment.,1,1
801,sbro425@email.com,19/10/2022,My email box is full.  Can I have more storage please?,1,0
802,tmar516@email.com,19/10/2022,I can't get my dual screens to show different images.,1,1
803,lbao150@email.com,19/10/2022,My phone won't connect to my laptop.,3,0
804,vhug765@email.com,19/10/2022,My web cam picture is blank.,2,0
805,sbro425@email.com,19/10/2022,Loss of Internet access.,1,1
806,lcor868@email.com,20/10/2022,Loss of Internet access.,1,1
807,kgro396@email.com,20/10/2022,Could you reset my password please.,1,0
808,lbao150@email.com,20/10/2022,My phone won't connect to my laptop.,3,0
809,qlin667@email.com,20/10/2022,The text on my screen is too small.,1,1
810,lnow894@email.com,20/10/2022,My docking station is not charging my laptop,3,1
811,lwal447@email.com,20/10/2022,Can't access my network folder.,1,0
812,mlop584@email.com,20/10/2022,I can't adjust the microphone volume on my headset.,3,1
813,kbut903@email.com,20/10/2022,My docking station is not charging my laptop,3,0
814,nbun949@email.com,20/10/2022,I have a suspicious email.  Can you warn others about it.,1,0
815,slam758@email.com,20/10/2022,My speakers aren't working.,3,0
816,zmin412@email.com,23/10/2022,My mouse cursor is frozen.,3,1
817,wtwi204@email.com,23/10/2022,Can't access my network folder.,1,0
818,kaaf912@email.com,23/10/2022,I can't download an email attachment.,1,1
819,smcp485@email.com,23/10/2022,My docking station is not charging my laptop,2,0
820,lxie552@email.com,23/10/2022,Loss of Internet access.,1,1
821,ealf266@email.com,23/10/2022,I can't get my dual screens to show different images.,1,1
822,mmac810@email.com,23/10/2022,Can't access my network folder.,1,1
823,bmcc569@email.com,23/10/2022,Could you reset my password please.,1,1
824,shil978@email.com,23/10/2022,I can't download an email attachment.,1,1
825,rkan224@email.com,23/10/2022,I can't access the Internet.,1,0
826,spla842@email.com,23/10/2022,Can't access my network folder.,1,0
827,pcho887@email.com,23/10/2022,I can't get my blueTooth headphones to connect.,3,1
828,ghen798@email.com,23/10/2022,I have a suspicious email.  Can you warn others about it.,1,1
829,mcor367@email.com,23/10/2022,My web cam image is not clear.,2,0
830,alew569@email.com,23/10/2022,My web cam image is not clear.,3,0
831,smck563@email.com,23/10/2022,I can't get my dual screens to show different images.,1,1
832,cnin104@email.com,23/10/2022,My speakers aren't working.,3,0
833,wmcc818@email.com,23/10/2022,My files are not backing up to the cloud anymore.,1,0
834,lbao150@email.com,23/10/2022,My web cam image is not clear.,2,0
835,csel980@email.com,23/10/2022,Can't access my network folder.,1,1
836,cbed340@email.com,23/10/2022,My mouse cursor is frozen.,3,0
837,slam437@email.com,23/10/2022,I can't get my blueTooth headphones to connect.,3,1
838,cchr994@email.com,23/10/2022,My phone won't connect to my laptop.,3,1
839,psor939@email.com,23/10/2022,I can't download an email attachment.,1,0
840,jhus268@email.com,23/10/2022,My phone won't connect to my laptop.,3,0
841,crod264@email.com,24/10/2022,My speakers aren't working.,2,0
842,dsub566@email.com,24/10/2022,I can't adjust the microphone volume on my headset.,3,1
843,abov917@email.com,24/10/2022,I can't adjust the microphone volume on my headset.,3,1
844,tmcp991@email.com,24/10/2022,I can't download an email attachment.,1,1
845,sold892@email.com,25/10/2022,My computer can't see the network printer.,1,1
846,smcp485@email.com,25/10/2022,My speakers aren't working.,3,1
847,gsew759@email.com,25/10/2022,Loss of Internet access.,1,0
848,aman282@email.com,25/10/2022,My speakers aren't working.,3,1
849,dnel258@email.com,25/10/2022,Can't access my network folder.,1,1
850,aabb463@email.com,25/10/2022,Loss of Internet access.,1,1
851,lces669@email.com,25/10/2022,My web cam picture is blank.,3,1
852,lliu777@email.com,26/10/2022,My computer can't see the network printer.,1,1
853,agre552@email.com,27/10/2022,I can't get my blueTooth headphones to connect.,2,0
854,lxie441@email.com,27/10/2022,My computer can't see the network printer.,1,1
855,plit258@email.com,27/10/2022,My speakers aren't working.,3,1
856,ekee255@email.com,27/10/2022,My docking station is not charging my laptop,2,0
857,edev108@email.com,30/10/2022,My files are not backing up to the cloud anymore.,1,1
858,kali593@email.com,31/10/2022,I have a suspicious email.  Can you warn others about it.,1,1
859,pdav387@email.com,31/10/2022,My files are not backing up to the cloud anymore.,1,1
860,alew569@email.com,31/10/2022,My email box is full.  Can I have more storage please?,1,1
861,abov917@email.com,01/11/2022,Can't access my network folder.,1,0
862,rdun515@email.com,01/11/2022,I can't download an email attachment.,1,1
863,csch538@email.com,01/11/2022,My mouse button doesn't work.,1,1
864,rbur971@email.com,02/11/2022,Loss of Internet access.,1,1
865,eher957@email.com,02/11/2022,I can't access the Internet.,1,1
866,mmet299@email.com,02/11/2022,I can't get my dual screens to show different images.,1,1
867,hgar508@email.com,02/11/2022,My phone won't connect to my laptop.,3,0
868,pmck621@email.com,02/11/2022,My email box is full.  Can I have more storage please?,1,1
869,cnin104@email.com,02/11/2022,My files are not backing up to the cloud anymore.,1,1
870,jrob313@email.com,02/11/2022,My docking station is not charging my laptop,3,1
871,sold892@email.com,02/11/2022,My docking station is not charging my laptop,2,1
872,lhe259@email.com,02/11/2022,My computer can't see the network printer.,1,1
873,jchr951@email.com,02/11/2022,My computer can't see the network printer.,1,0
874,cbed340@email.com,02/11/2022,Could you reset my password please.,1,1
875,jmag670@email.com,02/11/2022,I can't adjust the microphone volume on my headset.,3,1
876,aspe855@email.com,02/11/2022,I can't get my dual screens to show different images.,1,0
877,abov917@email.com,02/11/2022,My files are not backing up to the cloud anymore.,1,0
878,ilee544@email.com,02/11/2022,I can't get my dual screens to show different images.,1,1
879,lgra552@email.com,02/11/2022,I have a suspicious email.  Can you warn others about it.,1,0
880,ccai446@email.com,02/11/2022,My files are not backing up to the cloud anymore.,1,1
881,lxie552@email.com,02/11/2022,The text on my screen is too small.,1,1
882,sman522@email.com,02/11/2022,I can't get my blueTooth headphones to connect.,3,0
883,sold892@email.com,02/11/2022,My email box is full.  Can I have more storage please?,1,1
884,smcp485@email.com,02/11/2022,My docking station is not charging my laptop,3,1
885,jmar475@email.com,02/11/2022,I can't adjust the microphone volume on my headset.,3,0
886,twen667@email.com,02/11/2022,I can't get my blueTooth headphones to connect.,3,1
887,qlin667@email.com,02/11/2022,The text on my screen is too small.,1,1
888,lnow894@email.com,02/11/2022,I can't get my blueTooth headphones to connect.,3,0
889,zluo662@email.com,02/11/2022,My speakers aren't working.,3,1
890,mo'l731@email.com,02/11/2022,My docking station is not charging my laptop,3,1
891,rfer418@email.com,02/11/2022,I can't adjust the microphone volume on my headset.,3,0
892,lnel230@email.com,03/11/2022,My computer can't see the network printer.,1,0
893,lces669@email.com,03/11/2022,I can't adjust the microphone volume on my headset.,2,0
894,dnel258@email.com,03/11/2022,I can't adjust the microphone volume on my headset.,3,1
895,kgro396@email.com,03/11/2022,Loss of Internet access.,1,0
896,jmag670@email.com,06/11/2022,Could you reset my password please.,1,1
897,amas774@email.com,06/11/2022,My mouse cursor is frozen.,2,0
898,mo'l731@email.com,06/11/2022,I can't download an email attachment.,1,1
899,lbao150@email.com,06/11/2022,My web cam picture is blank.,3,1
900,wmcc818@email.com,06/11/2022,My web cam image is not clear.,3,1
901,xsoa546@email.com,07/11/2022,My web cam image is not clear.,2,1
902,qkun463@email.com,07/11/2022,My mouse button doesn't work.,1,1
903,apro256@email.com,07/11/2022,I can't download an email attachment.,1,0
904,sman522@email.com,07/11/2022,I can't get my blueTooth headphones to connect.,2,0
905,kgro396@email.com,07/11/2022,I can't get my blueTooth headphones to connect.,2,1
906,wrus791@email.com,07/11/2022,My web cam image is not clear.,3,0
907,dplu963@email.com,07/11/2022,I can't get my dual screens to show different images.,1,1
908,dzha676@email.com,07/11/2022,My mouse cursor is frozen.,2,1
909,shil978@email.com,07/11/2022,I have a suspicious email.  Can you warn others about it.,1,1
910,xsoa546@email.com,07/11/2022,My email box is full.  Can I have more storage please?,1,0
911,amas774@email.com,07/11/2022,My mouse button doesn't work.,1,1
912,sold892@email.com,07/11/2022,My docking station is not charging my laptop,3,1
913,wtwi204@email.com,07/11/2022,I can't adjust the microphone volume on my headset.,2,1
914,jmar475@email.com,07/11/2022,My speakers aren't working.,2,0
915,lcri847@email.com,07/11/2022,My phone won't connect to my laptop.,3,1
916,gpet463@email.com,07/11/2022,My web cam image is not clear.,2,1
917,preg223@email.com,08/11/2022,My web cam image is not clear.,2,1
918,cbed340@email.com,08/11/2022,My files are not backing up to the cloud anymore.,1,1
919,lwal366@email.com,08/11/2022,Can't access my network folder.,1,1
920,bo'l196@email.com,09/11/2022,Can't access my network folder.,1,0
921,zyin345@email.com,10/11/2022,My web cam picture is blank.,3,1
922,ctay323@email.com,10/11/2022,The text on my screen is too small.,1,0
923,jjon592@email.com,10/11/2022,My mouse cursor is frozen.,3,1
924,nbun949@email.com,10/11/2022,My web cam image is not clear.,2,1
925,sweg974@email.com,10/11/2022,I have a suspicious email.  Can you warn others about it.,1,0
926,sman522@email.com,10/11/2022,My web cam image is not clear.,3,0
927,sjoh651@email.com,10/11/2022,My web cam picture is blank.,2,1
928,bmcc569@email.com,10/11/2022,I can't get my dual screens to show different images.,1,1
929,lrob540@email.com,13/11/2022,I can't get my blueTooth headphones to connect.,2,0
930,jmag670@email.com,13/11/2022,The text on my screen is too small.,1,1
931,srob769@email.com,13/11/2022,My web cam picture is blank.,3,1
932,cchr994@email.com,13/11/2022,My speakers aren't working.,3,0
933,sbea309@email.com,13/11/2022,I have a suspicious email.  Can you warn others about it.,1,1
934,lsho989@email.com,13/11/2022,Could you reset my password please.,1,1
935,adav330@email.com,13/11/2022,My mouse cursor is frozen.,3,0
936,jpat108@email.com,13/11/2022,I have a suspicious email.  Can you warn others about it.,1,0
937,zluo662@email.com,13/11/2022,My web cam image is not clear.,3,0
938,barv104@email.com,13/11/2022,Loss of Internet access.,1,0
939,tkuj104@email.com,13/11/2022,Could you reset my password please.,1,1
940,rgui876@email.com,13/11/2022,I can't download an email attachment.,1,1
941,dale781@email.com,13/11/2022,I can't adjust the microphone volume on my headset.,3,1
942,sbro425@email.com,14/11/2022,Loss of Internet access.,1,0
943,khef145@email.com,14/11/2022,My mouse cursor is frozen.,2,1
944,csmi333@email.com,14/11/2022,I can't adjust the microphone volume on my headset.,3,1
945,asta104@email.com,14/11/2022,My docking station is not charging my laptop,2,1
946,lbao941@email.com,14/11/2022,My computer can't see the network printer.,1,1
947,jsmi537@email.com,14/11/2022,I can't get my dual screens to show different images.,1,1
948,srob769@email.com,14/11/2022,My docking station is not charging my laptop,2,1
949,lhe259@email.com,14/11/2022,I can't get my dual screens to show different images.,1,1
950,tcoh444@email.com,14/11/2022,I have a suspicious email.  Can you warn others about it.,1,1
951,cnin104@email.com,14/11/2022,My mouse button doesn't work.,1,1
952,dsob768@email.com,14/11/2022,My mouse button doesn't work.,1,0
953,lwei328@email.com,14/11/2022,My mouse button doesn't work.,1,1
954,tvai401@email.com,14/11/2022,My mouse cursor is frozen.,3,1
955,cchr994@email.com,14/11/2022,Can't access my network folder.,1,0
956,crod264@email.com,14/11/2022,Loss of Internet access.,1,1
957,hwat497@email.com,15/11/2022,My mouse cursor is frozen.,3,1
958,akar563@email.com,15/11/2022,I can't download an email attachment.,1,1
959,jmar475@email.com,15/11/2022,I can't download an email attachment.,1,1
960,asta104@email.com,15/11/2022,My computer can't see the network printer.,1,1
961,hcas572@email.com,15/11/2022,My speakers aren't working.,3,0
962,jchr951@email.com,15/11/2022,My files are not backing up to the cloud anymore.,1,1
963,cchr994@email.com,15/11/2022,I can't access the Internet.,1,1
964,bo'l196@email.com,15/11/2022,My docking station is not charging my laptop,2,0
965,cmun272@email.com,15/11/2022,I can't adjust the microphone volume on my headset.,3,1
966,mo'l731@email.com,15/11/2022,I can't adjust the microphone volume on my headset.,2,1
967,dhut682@email.com,16/11/2022,My web cam image is not clear.,3,1
968,mhum863@email.com,17/11/2022,Can't access my network folder.,1,0
969,fcuy357@email.com,17/11/2022,I can't adjust the microphone volume on my headset.,2,1
970,edic615@email.com,17/11/2022,I have a suspicious email.  Can you warn others about it.,1,0
971,zluo662@email.com,20/11/2022,My mouse button doesn't work.,1,1
972,dmil939@email.com,20/11/2022,I can't adjust the microphone volume on my headset.,3,1
973,lnys237@email.com,20/11/2022,Loss of Internet access.,1,1
974,jjon592@email.com,20/11/2022,My phone won't connect to my laptop.,3,0
975,rvan545@email.com,20/11/2022,My email box is full.  Can I have more storage please?,1,1
976,swhi798@email.com,20/11/2022,My computer can't see the network printer.,1,1
977,cmon213@email.com,20/11/2022,Can't access my network folder.,1,0
978,preg223@email.com,20/11/2022,I can't get my blueTooth headphones to connect.,3,0
979,sold892@email.com,20/11/2022,My speakers aren't working.,3,1
980,mlin944@email.com,21/11/2022,I can't download an email attachment.,1,1
981,kwhi534@email.com,21/11/2022,I can't get my dual screens to show different images.,1,1
982,slam758@email.com,21/11/2022,My web cam image is not clear.,2,0
983,sold892@email.com,21/11/2022,My phone won't connect to my laptop.,2,1
984,ssim760@email.com,21/11/2022,My docking station is not charging my laptop,3,1
985,jsim168@email.com,21/11/2022,My docking station is not charging my laptop,2,1
986,pros923@email.com,21/11/2022,My phone won't connect to my laptop.,2,0
987,mmet299@email.com,22/11/2022,My web cam picture is blank.,3,0
988,lhe259@email.com,22/11/2022,My docking station is not charging my laptop,2,1
989,lcor868@email.com,23/11/2022,My files are not backing up to the cloud anymore.,1,0
990,smck563@email.com,24/11/2022,I can't download an email attachment.,1,1
991,hlei381@email.com,24/11/2022,Loss of Internet access.,1,1
992,cmcg423@email.com,24/11/2022,My phone won't connect to my laptop.,2,0
993,dper147@email.com,24/11/2022,Can't access my network folder.,1,1
994,lwal366@email.com,24/11/2022,My mouse cursor is frozen.,2,1
995,zyin345@email.com,24/11/2022,Can't access my network folder.,1,1
996,jjon592@email.com,24/11/2022,My computer can't see the network printer.,1,0
997,smor720@email.com,24/11/2022,My phone won't connect to my laptop.,3,1
998,jwhi684@email.com,24/11/2022,My mouse button doesn't work.,1,1
999,bjon175@email.com,24/11/2022,My mouse cursor is frozen.,2,1
1000,vhug765@email.com,24/11/2022,My speakers aren't working.,3,1
1001,dhut682@email.com,24/11/2022,My mouse cursor is frozen.,3,1
1002,wrus791@email.com,24/11/2022,My web cam image is not clear.,2,1
1003,pcho887@email.com,24/11/2022,Loss of Internet access.,1,1
1004,scoh580@email.com,24/11/2022,I can't get my blueTooth headphones to connect.,3,1
1005,rbur971@email.com,24/11/2022,I can't get my blueTooth headphones to connect.,2,0
1006,lcri847@email.com,24/11/2022,My computer can't see the network printer.,1,1
1007,gmcc411@email.com,24/11/2022,Can't access my network folder.,1,0
1008,hmur278@email.com,24/11/2022,My mouse cursor is frozen.,2,1
1009,lbao941@email.com,24/11/2022,Loss of Internet access.,1,1
1010,slam758@email.com,24/11/2022,My mouse button doesn't work.,1,0
1011,rtho467@email.com,24/11/2022,My speakers aren't working.,3,1
1012,fcuy357@email.com,24/11/2022,I can't download an email attachment.,1,0
1013,msal593@email.com,24/11/2022,My email box is full.  Can I have more storage please?,1,1
1014,fper154@email.com,24/11/2022,I can't adjust the microphone volume on my headset.,2,0
1015,rker495@email.com,24/11/2022,Could you reset my password please.,1,1
1016,rwil848@email.com,24/11/2022,My web cam image is not clear.,3,1
1017,ibis723@email.com,24/11/2022,My computer can't see the network printer.,1,1
1018,cmck244@email.com,24/11/2022,My web cam picture is blank.,2,1
1019,bjon175@email.com,27/11/2022,My mouse cursor is frozen.,2,0
1020,ihun275@email.com,28/11/2022,Can't access my network folder.,1,0
1021,preg223@email.com,28/11/2022,My mouse cursor is frozen.,3,1
1022,ctay323@email.com,29/11/2022,Can't access my network folder.,1,0
1023,lmcw662@email.com,29/11/2022,My docking station is not charging my laptop,3,1
1024,lcri847@email.com,29/11/2022,I can't get my blueTooth headphones to connect.,3,1
1025,slam758@email.com,29/11/2022,I can't download an email attachment.,1,1
1026,ro's712@email.com,29/11/2022,I can't download an email attachment.,1,0
1027,csch538@email.com,29/11/2022,My mouse cursor is frozen.,3,0
1028,mlop584@email.com,29/11/2022,I can't get my blueTooth headphones to connect.,2,0
1029,tval275@email.com,29/11/2022,My email box is full.  Can I have more storage please?,1,1
1030,gfly340@email.com,29/11/2022,Loss of Internet access.,1,1
1031,dplu963@email.com,29/11/2022,My mouse cursor is frozen.,2,1
1032,xsoa546@email.com,29/11/2022,The text on my screen is too small.,1,1
1033,dpar893@email.com,29/11/2022,Can't access my network folder.,1,0
1034,amas774@email.com,29/11/2022,My mouse cursor is frozen.,2,1
1035,cnin104@email.com,30/11/2022,My docking station is not charging my laptop,3,1
1036,lhe259@email.com,30/11/2022,My phone won't connect to my laptop.,2,1
1037,lmcf171@email.com,30/11/2022,The text on my screen is too small.,1,1
1038,mbro500@email.com,30/11/2022,I can't get my dual screens to show different images.,1,1
1039,zyi674@email.com,30/11/2022,My web cam picture is blank.,3,1
1040,tval275@email.com,01/12/2022,My docking station is not charging my laptop,2,1
1041,yyij779@email.com,01/12/2022,Loss of Internet access.,1,1
1042,dale781@email.com,01/12/2022,I can't download an email attachment.,1,1
1043,lgai493@email.com,04/12/2022,The text on my screen is too small.,1,0
1044,rgui876@email.com,04/12/2022,My speakers aren't working.,3,0
1045,lxie441@email.com,04/12/2022,My files are not backing up to the cloud anymore.,1,1
1046,kyou716@email.com,04/12/2022,I can't adjust the microphone volume on my headset.,3,1
1047,dplu963@email.com,04/12/2022,I have a suspicious email.  Can you warn others about it.,1,1
1048,tsou575@email.com,04/12/2022,I can't access the Internet.,1,0
1049,csim534@email.com,04/12/2022,The text on my screen is too small.,1,1
1050,qkun463@email.com,05/12/2022,I can't get my dual screens to show different images.,1,1
1051,kand507@email.com,05/12/2022,I can't download an email attachment.,1,1
1052,slam437@email.com,05/12/2022,My phone won't connect to my laptop.,3,1
1053,lxie524@email.com,06/12/2022,I can't download an email attachment.,1,1
1054,mdub132@email.com,06/12/2022,The text on my screen is too small.,1,0
1055,fbec754@email.com,06/12/2022,My docking station is not charging my laptop,2,1
1056,gfly340@email.com,06/12/2022,I have a suspicious email.  Can you warn others about it.,1,1
1057,dper537@email.com,06/12/2022,I can't adjust the microphone volume on my headset.,2,1
1058,jwri300@email.com,06/12/2022,I can't get my dual screens to show different images.,1,0
1059,pros923@email.com,06/12/2022,I can't get my blueTooth headphones to connect.,3,1
1060,sman522@email.com,06/12/2022,My computer can't see the network printer.,1,1
1061,smci667@email.com,06/12/2022,My mouse button doesn't work.,1,1
1062,rfer418@email.com,07/12/2022,Loss of Internet access.,1,1
1063,cgru312@email.com,08/12/2022,The text on my screen is too small.,1,0
1064,jspi634@email.com,08/12/2022,Could you reset my password please.,1,0
1065,tmey824@email.com,08/12/2022,My computer can't see the network printer.,1,0
1066,mo'l731@email.com,08/12/2022,The text on my screen is too small.,1,1
1067,shen621@email.com,08/12/2022,My mouse cursor is frozen.,2,1
1068,fmin685@email.com,08/12/2022,I have a suspicious email.  Can you warn others about it.,1,0
1069,rbur971@email.com,08/12/2022,I can't get my blueTooth headphones to connect.,2,0
1070,vhug765@email.com,08/12/2022,Loss of Internet access.,1,1
1071,tmcp991@email.com,08/12/2022,Can't access my network folder.,1,1
1072,dsub566@email.com,08/12/2022,I can't access the Internet.,1,1
1073,hmur278@email.com,08/12/2022,Can't access my network folder.,1,1
1074,kand507@email.com,08/12/2022,My computer can't see the network printer.,1,0
1075,tmck964@email.com,11/12/2022,The text on my screen is too small.,1,0
1076,ylei379@email.com,11/12/2022,Loss of Internet access.,1,1
1077,pcho887@email.com,11/12/2022,My speakers aren't working.,2,0
1078,wmcc818@email.com,12/12/2022,My speakers aren't working.,3,1
1079,gand215@email.com,12/12/2022,My phone won't connect to my laptop.,3,0
1080,lmcw662@email.com,12/12/2022,The text on my screen is too small.,1,1
1081,csin484@email.com,12/12/2022,My docking station is not charging my laptop,2,0
1082,kste433@email.com,12/12/2022,I can't get my blueTooth headphones to connect.,3,1
1083,gadi266@email.com,12/12/2022,My mouse cursor is frozen.,3,1
1084,ujar162@email.com,12/12/2022,I can't get my dual screens to show different images.,1,0
1085,pmck621@email.com,13/12/2022,My computer can't see the network printer.,1,1
1086,iare865@email.com,13/12/2022,Can't access my network folder.,1,1
1087,mbro500@email.com,13/12/2022,My speakers aren't working.,3,1
1088,jmar475@email.com,13/12/2022,Loss of Internet access.,1,0
1089,kbut903@email.com,13/12/2022,I can't access the Internet.,1,0
1090,lmcw662@email.com,13/12/2022,My phone won't connect to my laptop.,3,1
1091,pdav387@email.com,13/12/2022,I can't adjust the microphone volume on my headset.,3,0
1092,aspe855@email.com,13/12/2022,My docking station is not charging my laptop,3,0
1093,zlei833@email.com,13/12/2022,I can't adjust the microphone volume on my headset.,3,1
1094,jpat108@email.com,13/12/2022,I have a suspicious email.  Can you warn others about it.,1,1
1095,kgro396@email.com,13/12/2022,I can't get my blueTooth headphones to connect.,2,1
1096,smcp485@email.com,13/12/2022,I can't download an email attachment.,1,1
1097,swhi798@email.com,13/12/2022,Could you reset my password please.,1,0
1098,trei753@email.com,13/12/2022,Can't access my network folder.,1,1
1099,amas774@email.com,13/12/2022,I can't get my dual screens to show different images.,1,0
1100,smci667@email.com,14/12/2022,My web cam picture is blank.,3,0
1101,lces669@email.com,14/12/2022,I have a suspicious email.  Can you warn others about it.,1,0
1102,wrus791@email.com,14/12/2022,My computer can't see the network printer.,1,1
1103,lgai493@email.com,14/12/2022,I can't get my blueTooth headphones to connect.,2,1
1104,bo'l196@email.com,14/12/2022,I can't get my dual screens to show different images.,1,0
1105,msut419@email.com,14/12/2022,I have a suspicious email.  Can you warn others about it.,1,1
1106,tmcp991@email.com,14/12/2022,My files are not backing up to the cloud anymore.,1,0
1107,amas774@email.com,14/12/2022,I can't access the Internet.,1,1
1108,kbry100@email.com,14/12/2022,Could you reset my password please.,1,1
1109,scoh580@email.com,14/12/2022,I can't adjust the microphone volume on my headset.,2,1
1110,sweg974@email.com,14/12/2022,Could you reset my password please.,1,1
1111,mhum863@email.com,14/12/2022,My web cam image is not clear.,3,1
1112,aspe855@email.com,14/12/2022,My speakers aren't working.,3,1
1113,aspe855@email.com,14/12/2022,I can't adjust the microphone volume on my headset.,3,1
1114,mlen613@email.com,14/12/2022,I can't get my dual screens to show different images.,1,0
1115,tnid586@email.com,14/12/2022,The text on my screen is too small.,1,1
1116,ajen172@email.com,14/12/2022,Loss of Internet access.,1,1
1117,mkow936@email.com,14/12/2022,I can't access the Internet.,1,0
1118,kyou716@email.com,14/12/2022,I can't download an email attachment.,1,0
1119,edev108@email.com,14/12/2022,I can't access the Internet.,1,1
1120,jkro461@email.com,14/12/2022,The text on my screen is too small.,1,1
